id,created_at,text
869948140182482944,2017-05-31 16:06:14,: I spent four days in Beijing last week meeting senior Chinese FP eerts and can confirm this is true. They're thrilled‚Ä¶
869897184153657345,2017-05-31 12:43:45,By us: There's a deeper story to Europe's backlash against Trump
869896213482680320,2017-05-31 12:39:53,": . on why trends that weakened America's commitment to alliances started before Trump, and will outlast him,‚Ä¶"
869873037096648704,2017-05-31 11:07:48,": This is an extraordinary paragraph from McMaster and Cohn's op-ed, and I don't mean ""extraordinary"" in a good way. https://‚Ä¶"
869735256026382336,2017-05-31 02:00:18,: The black swan nobody has been eecting: Corbyn does better than eected in the UK election.
869583252675276801,2017-05-30 15:56:18,: This is an important study of domestic resistance to transnational norms‚Äîand on an important subject. Check it out.
869568390658183168,2017-05-30 14:57:14,Important point on Venezuela: class polarization may prevent the opposition from pushing out the government‚Ä¶
869524409652043777,2017-05-30 12:02:28,Wonder how much of this is a neophyte consolidating his position / preparing for coming legislative elections
869360537196519424,2017-05-30 01:11:18,
869359602634305536,2017-05-30 01:07:35,Bush and Cheney did this after . They particularly wanted raw intel related to Iraq. Worked out fine iirc.
869359106834018308,2017-05-30 01:05:37,I'm so very tired
869358884460388352,2017-05-30 01:04:44,": The president's son-in-law, who is being investigated for contacts with a hostile power, gets his own intel briefing http‚Ä¶"
869313976647245824,2017-05-29 22:06:17,Forgetting Why We Remember
869310302772502528,2017-05-29 21:51:41,what if i want to eat everything. is that better
869253954777100288,2017-05-29 18:07:47,: France doesn't coordinate with NATO on nuclear posture. UK Trident is basically an adjunct force to the US. So if US goes‚Ä¶
869206717472681984,2017-05-29 15:00:05,"Thanks Damon. Fun fact: my first-ever post-college journalism job was a TNR internship, and my first a‚Ä¶"
869190397729361925,2017-05-29 13:55:14,"Americans convinced ourselves that the Iraq debate is behind us. But it's not over among our allies,‚Ä¶"
869189992769310720,2017-05-29 13:53:37,"(As a side note, I have to roll my eyes at WH officials who spent years overtly attacking European‚Ä¶"
869189744445587457,2017-05-29 13:52:38,"This legacy is why, per , allies are starting to wonder if the problem isn't Trump, it's American voters. And thus permanent."
869189199479615489,2017-05-29 13:50:28,"Iraq is why you see US allies still skeptical, still ready to doubt the alliance and to defy the US. Trump is tapping into all that."
869188932969406464,2017-05-29 13:49:25,The American debate over Iraq was so politicized that we mistook the damage to our alliances as just a partisan talking point. It wasn't.
869188571097423873,2017-05-29 13:47:58,"Americans are oblivious to this. We wrongly remember European objections to Iraq as purely political, or see them thru our own partisan lens"
869188389408526337,2017-05-29 13:47:15,"In the UK, Iraq damaged not just the US alliance but Britain's global role, maybe permanently. Again, Trump is surfacing something deeper."
869188121036038144,2017-05-29 13:46:11,"The Iraq war comes up over and over in my conversations with Euro officials. A lingering doubt about US leadership, which Trump has surfaced"
869187796375830528,2017-05-29 13:44:54,"Particularly among European allies and Australia, there is still a sense of distrust and skepticism toward the US over the Iraq invasion."
869187527684628481,2017-05-29 13:43:49,One crucial piece of context getting lost in assessing Trump's damage to American alliances: the still-healing wounds from GW Bush's tenure.
868998319783251973,2017-05-29 01:11:59,": Important thread. FWIW, I heard much the same in my convos in Berlin following Merkel's White House visit last March. http‚Ä¶"
868976748741963776,2017-05-28 23:46:16,All to say: Merkel's comment didn't come out of nowhere. Germans have spent months contemplating ‚Äì and preparing for ‚Äì a break with the US.
868976006325043202,2017-05-28 23:43:19,This is why there's growing European discussion of an extreme option to replace US commitments: a Euro nukes program
868974289327980548,2017-05-28 23:36:29,"Europe's hard line against Russia, which Germany only barely held with US help, seems like the likeliest thing Berlin will have to give up."
868974059966648320,2017-05-28 23:35:35,"So something will have to give. A Europe that has to be self-sufficient, as Merkel said, will also have far narrower ambitions."
868973894727864320,2017-05-28 23:34:55,"No one was sure what Plan B would look like, but they know Germany can't maintain Europe ‚Äì the EU, NATO, keeping out Russia ‚Äì without the US"
868973047763652608,2017-05-28 23:31:33,"One told me: The day Trump becomes a threat to German interests, we'll have no choice but to respond. We have to protect ourselves."
868972062768906241,2017-05-28 23:27:39,"One sr German official really stressed this: Our closest ally is not just going away, but may turn its power against us. Think about that."
868971638376861698,2017-05-28 23:25:57,"Their fear wasn't just that Trump would be an unreliable ally, but that his attacks on the EU and NATO would make the US a threat to Europe."
868971292212563971,2017-05-28 23:24:35,The Germans really fear Europe will fall apart w/o the US. But they saw Trump as a potential threat to their most core national interests.
868970627776098304,2017-05-28 23:21:57,They were quite open about their plan: appease Trump and proceed normally. But quietly prepare a Plan B in case that fails. We may be there.
868970241023508480,2017-05-28 23:20:24,"/ When I met with German leaders in January, they were already preparing for the possibility of breakup with the US"
868951844776792064,2017-05-28 22:07:18,Always be reading
868844339249766401,2017-05-28 15:00:07,: I understand satire but there are bold inaccuracies - ex: Obama NEVER blew him off on the tarmac. They met on AF1 - i k‚Ä¶
868842719480881154,2017-05-28 14:53:41,"New NATO motto: Keep the Americans out, the Russians in, and the Germans up"
868842487187730432,2017-05-28 14:52:45,": She went on to say: ""We Europeans really have to take our destiny into our own hands."""
868815315341373442,2017-05-28 13:04:47,Great elainer on why Brazil is falling into crisis
868597245297471489,2017-05-27 22:38:15,": / And that if you‚Äôre going to race one of the most influential geopolitical thinkers of our time up the stairs, make sure i‚Ä¶"
868523253358366720,2017-05-27 17:44:14,"Oh, yes actually they do reference this early on. It's a good detail that they do get basically right."
868522943617404928,2017-05-27 17:43:00,I see why they did this ‚Äì to play up the folly and hubris of McChrystal's mission ‚Äì but it is historically dishonest and verges on racism.
868522728961310721,2017-05-27 17:42:09,Film also suggests that Afghans who oppose the Taliban are drug addicts or crooks. I wonder if the filmmakers met with even a single Afghan.
868522092265918466,2017-05-27 17:39:37,What do you mean? You mean places where it's unavailable to view?
868521826393223168,2017-05-27 17:38:34,"Troublingly, ""War Machine"" repeatedly implies that Afghanistan was not at war until the US invaded and that all Afghans support the Taliban."
868521053034819584,2017-05-27 17:35:30,: Two good samaritans were killed while trying to protect two Muslim women on a Portland train.
868520947762049024,2017-05-27 17:35:04,"I really wanted to like ""War Machine"" but it is quite bad, as both a movie and a treatment of the Afghan War."
868514234715570177,2017-05-27 17:08:24,That is amazing and alarming. Such a fundamental lack of understanding. And helps elain his embrace of Sisi.
868450114834190336,2017-05-27 12:53:37,: Unspeakable. Dark forces are being unleashed.
868449966410412033,2017-05-27 12:53:01,": ""Whole Discussion on climate was very unsatisfying"" says after . ""No indication whether US will stay in‚Ä¶"
868425136931844100,2017-05-27 11:14:21,: It's amazing. The US pres doesn't know how NATO works
868293687578677252,2017-05-27 02:32:01,": . Brzezinski has died. Below, on his famous ""3 a.m. phonecall,"" when he was told nukes were heading for the US. https:‚Ä¶"
868292584334123009,2017-05-27 02:27:38,"RIP Zbigniew Brzezinski, one of the great American diplomats of the post-war era"
868267062287892480,2017-05-27 00:46:13,: CNN: Kushner &amp; Russians MSNBC: Kushner &amp; Russians Fox News: Students Ask Professor To Resign For Questioning Event Targe‚Ä¶
868253491634085888,2017-05-26 23:52:18,Or at least a backchannel they saw as sufficient. Maybe they had one but wanted another more direct‚Ä¶
868252942582808577,2017-05-26 23:50:07,": If Jared was trying to set up a secret backchannel to the Russians, doesn't that suggest they didn‚Äôt have one?"
868222415318462465,2017-05-26 21:48:49,": Tillerson declines to host Ramadan event at State Department, a bipartisan tradition for nearly years - sources"
868200025561731074,2017-05-26 20:19:51,Go back in time and tell the version of yourself about the Trump-Bannon-Kushner White House war room. How woul‚Ä¶
868197793608982528,2017-05-26 20:10:58,Good on the Trump submarine controversy that wasn‚Äôt
868171412007157760,2017-05-26 18:26:09,": ""the public will learn about the assault of a reporter as an essentially partisan spat...centrist pundits...will blame on‚Ä¶"
868170059629432834,2017-05-26 18:20:46,"[canned laughter, bass riff]"
868130047634309121,2017-05-26 15:41:47,": Trump's statement on Ramadan, Muslim holy month, is mostly about terrorism."
868121219597574144,2017-05-26 15:06:42,"I was in Taormina last week and it is indeed a great place to meet and fall in love with globalist, center-left hea‚Ä¶"
868106280010891264,2017-05-26 14:07:20,: Untangling and elaining the four big legal problems former Trump national security adviser Michael Flynn is facing ht‚Ä¶
868082957541675008,2017-05-26 12:34:39,Did a data error scramble America‚Äôs immigration debate?
868020358695325696,2017-05-26 08:25:55,"This is alarming. Partisan conspiracy theories are undermining popular faith in democracy, and thus democracy itsel‚Ä¶"
867893895182536704,2017-05-26 00:03:23,"cool this is good, this trip is going well"
867893739225841664,2017-05-26 00:02:46,": This is one reason I'm skeptical of takes that say, ""hey policy hasn't chan‚Ä¶"
867892922808717314,2017-05-25 23:59:32,: Thread.
867869825418362880,2017-05-25 22:27:45,": Trump to NATO: ""Many of these countries owe massive amounts of money from past years."" No, they don't. Trump made that up to b‚Ä¶"
867868361450979328,2017-05-25 22:21:56,I would sell out a lot of my friends for a bushel of really high-quality dates but that's why I'm not president
867867725200211969,2017-05-25 22:19:24,FP folks I know are having conniptions. Things they feared in November but later shrugged off are coming true. Have to wonder what's next.
867864909375262720,2017-05-25 22:08:13,"We're doing great with the Saudis tho, so that's nice"
867864511075700736,2017-05-25 22:06:38,This is the trip when he became president
867864150172741633,2017-05-25 22:05:12,"During Trump's first trip abroad, the US has had crises with: . Israel . Britain . Germany . All of NATO This is unprecedented."
867863719560306688,2017-05-25 22:03:29,": Says much about his inability to separate personal from national interests. Saudis treat me well, Europeans hate me, so I'll re‚Ä¶"
867863651511873536,2017-05-25 22:03:13,: Trump-O-Meter Saudis: Awesome Russians: No Official Position Germans: Bad. Very Bad.
867863127089696769,2017-05-25 22:01:08,: The White House told the NYT yesterday Trump would finally endorse Article . The fact that he did not is astonishing a‚Ä¶
867862441643843584,2017-05-25 21:58:24,I am speechless. Germany is arguably our most important alliance. There's no upside to this talk and potentially dr‚Ä¶
867817688550309888,2017-05-25 19:00:34,"Sure, but ‚Äúcountries owe us money‚Äù suggests that he thinks NATO members need to cut the US a check‚Ä¶"
867813992827416576,2017-05-25 18:45:53,"It‚Äôs easy to lose sight of how wildly unusual the Trump era remains, for the US and for the world, but this one fact should really remind us"
867813879220498434,2017-05-25 18:45:26,"This whole exercise, lecturing the US‚Äôs closest allies, is all premised on Trump STILL misunderstanding NATO and no one elaining it to him"
867813416576090112,2017-05-25 18:43:36,I feel like we‚Äôve just gotten used to this fact but it bears repeating. Member-states do not ‚Äúowe money.‚Äù That is just not how it works.
867813294177796098,2017-05-25 18:43:07,"There is still every indication that Trump, as he is giving a speech to two dozen heads of state, does not understa‚Ä¶"
867806235638288385,2017-05-25 18:15:04,": While speaking at a memorial to ,046 Europeans and Canadians who died under the NATO flag and Article fighting the US war‚Ä¶"
867806222866690048,2017-05-25 18:15:01,": Trump refuses to endorse NATO Article V, which has been invoked just once in the alliance's history: after /11. Remarkable mom‚Ä¶"
867777855312330753,2017-05-25 16:22:17,": Long before now, US has avoided fully grappling with its allies truly revitalizing armed forces &amp; adopting more assertive d‚Ä¶"
867770141790089216,2017-05-25 15:51:38,": Pool: ‚ÄúAs the [NATO] leaders dispersed, Trump walked out alone and did not talk with any other leaders‚Äù"
867716426706149376,2017-05-25 12:18:12,Europe trip not off to a great start with a massive reassurance breakdown on the single largest security issue
867715261448802305,2017-05-25 12:13:34,: Two strong allies -- Israel and UK -- have let it be known that intelligence sharing will be modified or end. That's ou‚Ä¶
867714843134001153,2017-05-25 12:11:54,"This is a breathtaking photo. Even after all the weird, awkward Trump bilateral photo ops, this one really stands o‚Ä¶"
867708311113797632,2017-05-25 11:45:57,": Challenging, important piece by on suicide terror in age of ISIS some recent thoughts here http‚Ä¶"
867684338149752833,2017-05-25 10:10:41,: What a discouraging sign to send a Europe under a barrage of cyber attacks and hybrid warfare.
867483680595431424,2017-05-24 20:53:21,"Trump administration continues to create unforced crises with America‚Äôs closest allies, this time the UK"
867428279887724544,2017-05-24 17:13:12,": Reflections on a decade of writing about suicide terrorism, by and"
867402132189794304,2017-05-24 15:29:18,"I‚Äôm Not Mad, Actually I Am Laughing"
867401624670666752,2017-05-24 15:27:17,: The collective outrage over Melania not wearing a veil in Saudi Arabia reminded me of this great piece
867401476288761856,2017-05-24 15:26:42,: Beware credit growth in China. HT Stephen Jen
867401199728898048,2017-05-24 15:25:36,: I wonder if despite everything this may be today's most important news
867400236716744705,2017-05-24 15:21:46,Thank you! It means so much you remember it
867391597675126785,2017-05-24 14:47:26,: Did I miss the outrage over Melania's hijab or is the outrage only limited to one religion?
867391417001406465,2017-05-24 14:46:43,"You see same grasping when, say, we learn a school shooter is driven by bullying. Individually true, but‚Ä¶"
867391051371294721,2017-05-24 14:45:16,Agree &amp; I don‚Äôt think those are different theories. An individual‚Äôs internal breakdown can be understood‚Ä¶
867389008468377601,2017-05-24 14:37:09,how so?
867387944570630144,2017-05-24 14:32:55,I wrote this on my redeye last night: The most important thing I‚Äôve learned in ~10 years of writing on terrorism
867383269557403653,2017-05-24 14:14:21,": Today's interpreter by and was incredibly powerful. ""Looking for meaning in terrorism"""
867373081983160321,2017-05-24 13:33:52,There is! Read here:
867318255014301696,2017-05-24 09:56:00,: Unrest continues to spread &amp; intensify in Venezuela.
867256889842774017,2017-05-24 05:52:10,: A million deaths ?
867136088367878144,2017-05-23 21:52:08,": Foreign Military Financing gets a $1 billion cut. If you ain't Israel, Egypt or Jordan, sorry."
867132539638624259,2017-05-23 21:38:02,"Depends how you define ‚Äúever"""
867129670587777027,2017-05-23 21:26:38,": Gobsmacking detail told by to : Mulvaney listed budget cuts to Trump who simply answered ""yes"" or ""‚Ä¶"
867125943105617921,2017-05-23 21:11:49,": Fascinating to learn about the reappearance of China's missing girls, who show up in the census years -- sometimes decade‚Ä¶"
866843372354494465,2017-05-23 02:28:59,": . Since news of the blast, I have been scouring both ISIS and al-Qaeda channels. Neither group has taken responsibility."
866843231723638785,2017-05-23 02:28:26,": Just spoke to -year-old girl going from hospital to hospital to try to find her mum, not seen since the blast at Mancheste‚Ä¶"
866843088177831936,2017-05-23 02:27:52,no claim of responsibility and pundits already lecturing one another on What The Terrorists Want. maybe wait a bit to start grousing for RTs
866842544898015233,2017-05-23 02:25:42,: A crime scene investigations van just pulled up at children's a&amp;e dept Manchester Royal Infirmary. Families visible in bri‚Ä¶
866832306165751811,2017-05-23 01:45:01,: Been reading about terrorism for two decades now. Still can‚Äôt wrap my head around why anyone would murder kids at a con‚Ä¶
866654614543663104,2017-05-22 13:58:56,: Erdogan's bodyguards assaulted a bunch of US citizens in DC in front of him/TV cameras. Turkey is now mad the DC police stop‚Ä¶
866652982347055104,2017-05-22 13:52:27,": ICYMI: Fearon on the Trump-Lavrov meeting, in"
866593583910060033,2017-05-22 09:56:25,": What matters in Saudi spectacle is Trump doubling down on repression and sectarian proxy wars of deeply repressive, unstab‚Ä¶"
866562710074425344,2017-05-22 07:53:44,: Every time I see this picture from now on I will be thinking 'where's the Orb?'
866404651159220224,2017-05-21 21:25:40,"dont complain, the orb √† trois is the trump administration's first piece multilateral diplomacy since taking office"
866403332793008129,2017-05-21 21:20:26,salman's orb was at the orb-cleaner's so they needed to borrow sisi's
866402850586406912,2017-05-21 21:18:31,The orb thing is silly but it shows how little advance work this admin does. Foreign policy being conducted by the seat of the pants.
866402066658451456,2017-05-21 21:15:24,: I really wish I didn't believe global foreign policy nows turns on who is best at flattering and feting America's president.
866384539601522688,2017-05-21 20:05:45,: Democrats are falling for fake news about Russia
866277647579582465,2017-05-21 13:01:00,"To be fair, the Saudis and Emiratis have always been passionate about empowering women."
866076879681458178,2017-05-20 23:43:13,: Can't believe said this thing that I am screenshotting out of context &amp; construing ungenerously. Please RT in‚Ä¶
866008914982297601,2017-05-20 19:13:09,": : Reformists projected to win all seats of Tehran's city council, ending years of conservatives majority‚Ä¶"
865970462404345859,2017-05-20 16:40:21,: To me this is the most iconic picture of the election.
865876345435201538,2017-05-20 10:26:22,: Rouhani dropped inflation from % to %. DC pundits will tell you this change doesn't mean anything but it does for millio‚Ä¶
865875627433381888,2017-05-20 10:23:31,": In the U.S., receives votes with receiving ‚Ä¶"
865690725102505984,2017-05-19 22:08:47,": Around million ppl participated in Iran‚Äôs election. With that turnout, Rouhani is most likely the next president. ‚Ä¶"
865689141840723968,2017-05-19 22:02:29,: nearly every single local count has Rouhani up by twice the votes
865650271845728257,2017-05-19 19:28:02,: Also: NATO has concocted a fake event for in the hopes of tricking him into backing Article V https://‚Ä¶
865601483940737024,2017-05-19 16:14:10,: There is no consensus across Central/Eastern Europe that democracy is preferable to other forms of government
865600425487204353,2017-05-19 16:09:58,"However hard they have to strain to work Comey into the Merkel visit scene, it'll be worth it"
865598711065444353,2017-05-19 16:03:09,Not counting the inevitable Game Change-ification of for the simple reason that I will move mountains to avoid watching it
865597850184540160,2017-05-19 15:59:44,"If it's the Stone version, who plays the shadowy CIA guy who decides the election? Also will‚Ä¶"
865596730712010752,2017-05-19 15:55:17,"Prediction: In years, when they make the first ""historical"" movie about the Trump era, it will be told through the eyes of James Comey"
865592031174959104,2017-05-19 15:36:36,"Unpaid product endorsement: ""The Idiot"" by is really excellent. Making my vacation."
865569278044536832,2017-05-19 14:06:12,: My small contribution to the coverage of . Glad to write something about for the afte‚Ä¶
865568926339653632,2017-05-19 14:04:48,Things to Watch for in Iran's Election
865566816218886144,2017-05-19 13:56:25,: Imagine becoming the most powerful woman on earth only to realize you still have to coddle men's fragile egos on a regular‚Ä¶
865564808447479809,2017-05-19 13:48:26,Should Trump worry about impeachment? He and his opponents could learn a lot from Venezuela. elains:
865310117197213696,2017-05-18 20:56:23,Beautiful work by WashPost graphics team +
865305740457717760,2017-05-18 20:38:59,": How Became an Undemocratic Democracy,"
865232512846622720,2017-05-18 15:48:00,: Correct take ‚Äî&gt;
865035137846726656,2017-05-18 02:43:43,"""Trump knew abt Flynn"" [nods] ""Flynn stopped ISIS raid after Turkey paid him"" [nods] ""January was four months ago"" SHUT YOUR LYING MOUTH"
865033586461691904,2017-05-18 02:37:33,"Underappreciated mind-blowing detail here: January was only months ago, which honestly feels like the least plaus‚Ä¶"
865010379717357569,2017-05-18 01:05:20,": My report: China placed hundreds of petitioners in black jails during Belt and Road forum, then sent some on a slow trai‚Ä¶"
864986845976772608,2017-05-17 23:31:49,"Screenshot this to embarrass me when I'm wrong, but imo likeliest outcome this helps Trump by enerating on‚Ä¶"
864985799854481409,2017-05-17 23:27:40,Agreed. I think it's also possible this could be true but Trump might not understand that.
864977189430743040,2017-05-17 22:53:27,"Sure, but in a democracy, sometimes the most damaging violations are procedurally legal but destroy democratic norms."
864976175738703873,2017-05-17 22:49:25,Anything is possible etc. But special prosecutor could end up effectively saving Trump from his seemingly-nigh implosion over Comey firing.
864975294955896832,2017-05-17 22:45:55,"If Russia investigation doesn't turn up a Giant Scandal, it could effectively absolve Trump of even non-Russia scandals he actually did."
864973848826880001,2017-05-17 22:40:10,Trump possibly pressuring independent agencies to obstruct justice potentially far more serious than any known Russia ties.
864972304417030144,2017-05-17 22:34:02,"Not sure a Special Prosecutor can undo the chilling effect of Trump firing his own FBI chief, which matters beyond any Russia issues."
864874911105462274,2017-05-17 16:07:02,"So much about Iran makes sense, I think, when you see the story of how its wild political system came about"
864774291770023936,2017-05-17 09:27:12,How Iran Became an Undemocratic Democracy
864699451398639616,2017-05-17 04:29:49,: Important thread. Public process confers (more) legitimacy. th amendment for a non-incapacitated president is a vote on‚Ä¶
864693887180431360,2017-05-17 04:07:42,: you really can't make this up
864693251747586048,2017-05-17 04:05:11,: One portion of NYT story that WH has not commented on/denied is part where Trump asked Comey to lock up reporters. I asked. No‚Ä¶
864192835133853697,2017-05-15 18:56:42,: A real story about the President of the United States meeting with members of our most important strategic alliance. http‚Ä¶
864180894613065730,2017-05-15 18:09:15,: Why did the pilot with the dyed hair drop out? Is Rouhani Machiavellian? We parse at Iran elections! http‚Ä¶
864143075240808451,2017-05-15 15:38:58,: A brief guide to avoiding conspiracy theories on Twitter:
864115743373361152,2017-05-15 13:50:22,APNSA duties: . Manage inter-agency . Brief POTUS . Lie on Resolute Desk to bodily prevent your deput‚Ä¶
864114735972855808,2017-05-15 13:46:22,"What happens when, say, there's a skirmish with Iranian boats in the Strait of Hormuz? Does an advisor slip a fake story on his desk?"
864114186841985024,2017-05-15 13:44:11,You wonder how these WH fights ‚Äî to manipulate Trump by showing him incomplete or wrong info ‚Äî will play in a crisis
864105704499662848,2017-05-15 13:10:28,"How does a rich, stable, healthy democracy collapse? Here‚Äôs how it happened in Venezuela. It may feel familiar."
863972414551724033,2017-05-15 04:20:50,Do read past the map. Really interesting thoughts from on whether geography knowledge matters.
863969456153927680,2017-05-15 04:09:04,Why have it in English at all? It's not like South Korea is so linguistically diverse there's a need to‚Ä¶
863921027113521152,2017-05-15 00:56:38,": Venezuela's collapse, elained by and"
863745337474920448,2017-05-14 13:18:30,this is so good
863723691817005056,2017-05-14 11:52:29,: 'Tremendous opportunity Saudi Arabia to root out all vestiges of guardianship system'
863721910617726976,2017-05-14 11:45:25,: One thing I learned from reporting in fragile democracies ‚Äî the ‚Äòadults‚Äô you eect to stand up almost never do.
863536147011698688,2017-05-13 23:27:15,": Sounds like elite coalition supporting Maduro's gov really is narrowing, so probability of gov collapse is rising."
863480988063723520,2017-05-13 19:48:04,: . has been doing great work on the growing liberal Russia conspiracy sphere
863089123782995970,2017-05-12 17:50:57,: ***** The White House press secretary will not deny that the president is recording Oval Office guests ******
863070247657627649,2017-05-12 16:35:56,Woo congrats!
863057009167527937,2017-05-12 15:43:20,Congrats Jay! Hope they don't keep you *too* busy
863055271391899648,2017-05-12 15:36:26,Hi! It looks like you're trying to cut out the media. Do you need assistance?
863034313423638529,2017-05-12 14:13:09,What did firing Comey mean for American democracy? Put another way: what happens when democratic norms collapse?
863032236127522817,2017-05-12 14:04:54,How elections are secularizing Iranian politics
863002492002590720,2017-05-12 12:06:42,": Again, hits the nail on the head:"
862884107717672962,2017-05-12 04:16:17,holy shit
862876358036336640,2017-05-12 03:45:29,now who does that remind me of
862655227467620352,2017-05-11 13:06:48,: Read : US institutions strong but democratic backsliding can result from resistance to checks on power http‚Ä¶
862650036211118081,2017-05-11 12:46:10,": lesson from outside America - rapid, poorly planned reshuffles of internal security apparatuses followed by blatant lyin‚Ä¶"
862523940924784641,2017-05-11 04:25:07,the distinction between reality and borowitz post has blurred beyond recognition
862517317468606464,2017-05-11 03:58:47,It was inevitable that they should make that claim sooner or later: the logic of their position demanded it.
862513244300353538,2017-05-11 03:42:36,": WSJ: Comey ""was concerned by info showing potential evidence of collusion."" Began getting more frequent updates."
862512508208283648,2017-05-11 03:39:41,: This thing is crazy
862512120017170432,2017-05-11 03:38:08,: Rank these three quotes from stories tonight.
862497216275021828,2017-05-11 02:38:55,"jake, this tweet is very good"
862495376389144577,2017-05-11 02:31:36,"Not sure it matters if there's a ""next deep throat."" Institutions have made clear where they stand on democratic norms vs self-interest."
862493577250734080,2017-05-11 02:24:27,"oh please if america falls into far-right totalitarianism under intl isolation, canadian a‚Ä¶"
862491780784291840,2017-05-11 02:17:19,"i cant tell if the stress is cathartic or additive, but it's definitely making me want to‚Ä¶"
862487724225441794,2017-05-11 02:01:12,"Clear ""don't compromise your values under pressure"" message. That message and the circumstances of its sending are‚Ä¶"
862487233919668224,2017-05-11 01:59:15,: Apparently there has been a run on DVDs of All the President's Men.
862486298661195777,2017-05-11 01:55:32,": Republicans in Congress made a choice that, henceforth, a President can fire an FBI Director on a whim. Our democracy‚Ä¶"
862458045615493120,2017-05-11 00:03:16,This will make an amazing first chapter in the book about how Navalny became president
862443570774593537,2017-05-10 23:05:45,"Oh, right, that bizarre Lavrov meeting? It was also a major step toward re-normalizing relations after Crimea‚Ä¶"
862431494442291200,2017-05-10 22:17:46,I love my friends and family but I can‚Äôt imagine anyone I know going to bat for another human being the way Paul Ry‚Ä¶
862427168328081408,2017-05-10 22:00:34,"Nothing wrong with this per se, but it does feel a little weird. Not like Trump served."
862421405622837250,2017-05-10 21:37:40,"everything is hummus. i am sipping my coffee-hummus, chewing gum-hummus, while typing an article-hummus on my macbookhummus"
862419702345289728,2017-05-10 21:30:54,Thanks to and for the endorsement! Sign up at the link!
862413923768819712,2017-05-10 21:07:56,: Authoritarianism and quality of democracy are related but distinct things. You can have diminution of latter w/o clear increas‚Ä¶
862390203943669761,2017-05-10 19:33:41,THREAD:
862377654602928129,2017-05-10 18:43:49,: Maybe this reporting is all wrong but it sure looks like obstruction of justice
862374211356172288,2017-05-10 18:30:08,These satires have become basically identical to actual news reports
862372973327646721,2017-05-10 18:25:13,": From Korea's Candlelight Revolution to France's National Front, probes the varieties of populism"
862356253493915648,2017-05-10 17:18:47,": ""At times Trump acts publicly the way Nin acted privately"" - , months ago"
862354147751989248,2017-05-10 17:10:25,tfw nazi infiltration of the german military is relatively minor news
862343477945929728,2017-05-10 16:28:01,: in one picture
862340019800993792,2017-05-10 16:14:16,imagine being mad that the media is covering the greatest attack on institutional independence in decades
862339557114744832,2017-05-10 16:12:26,more validation for my theory that this administration is secretly run by high school civics teachers who want to T‚Ä¶
862338861212590081,2017-05-10 16:09:40,: Trump's meeting with Kissinger has me wondering if the President has a much better sense of humor than I gave him credit fo‚Ä¶
862338257555787776,2017-05-10 16:07:16,: To be clear: Russian media allowed in The White House. American media not.
862334416865169409,2017-05-10 15:52:01,": In the early days of Watergate, R's were solidly on board with Nin"
862331161242107905,2017-05-10 15:39:04,How Does Populism Turn Authoritarian? Venezuela Is a Case in Point
862329988028170245,2017-05-10 15:34:25,": ""What is happening right now is nothing like the s. Now please excuse me while I confer with Henry Kissinger."" https:/‚Ä¶"
862329183925567488,2017-05-10 15:31:13,: Yep. By
862326870578253828,2017-05-10 15:22:01,Every time I think I have lost my capacity to be shocked
862324994558361602,2017-05-10 15:14:34,Americans will literally be informed on the dealings of the US government by Russian spokespeople.
862309649441312770,2017-05-10 14:13:36,: Why do some rebel groups succeed?I talk with Peter Krause about his new book on this week's podcast
862305620434845698,2017-05-10 13:57:35,"How South Korea, not France, became this week's most important election"
862292958426664961,2017-05-10 13:07:16,: What would you say if you saw this in another country?
862277695144591360,2017-05-10 12:06:37,can always count on you evan
862276514800443392,2017-05-10 12:01:56,"I finished writing this just as Comey was fired, in case you‚Äôd like to become one of the people who will read it."
862158990007992322,2017-05-10 04:14:56,It was inevitable that they should make that claim sooner or later: the logic of their position demanded it.
862156577226326016,2017-05-10 04:05:20,It's worth dwelling on severity of our breakdown in democratic norms. Automatically assumed partisan eediency sup‚Ä¶
862154054813835264,2017-05-10 03:55:19,there is a real shift underway in korea
862139038333108224,2017-05-10 02:55:39,"Yeah, to be clear, I don‚Äôt have a better system. We all know that Churchill quote."
862137700429770752,2017-05-10 02:50:20,"in retrospect, basing governance of M on unstated mutual acceptance of fuzzy unwritten norms, over‚Ä¶"
862137233050140672,2017-05-10 02:48:28,": Again, many overestimate the role of rules as checks on power - we depend on respect for norms like not interfering in in‚Ä¶"
862135622101762048,2017-05-10 02:42:04,"Hasn‚Äôt been an issue here, but I can think of a few countries where the census has been heavily politicized. Sudan,‚Ä¶"
862134667549560833,2017-05-10 02:38:17,This really supports the theory that he is just acting minute-to-minute with little awareness of how his actions lo‚Ä¶
862134221439209473,2017-05-10 02:36:30,": Jeff Sessions in November on Fox News: ""FBI Director Comey did the right thing when he found new evidence. He had no c‚Ä¶"
862133589688942592,2017-05-10 02:34:00,: When Trump was caught confessing to routine sexual assault it was the last straw for many Republicans for about five to t‚Ä¶
862132333205487617,2017-05-10 02:29:00,: Chances Congress-under control of same party POTUS-ever agrees to seriously investigate this? Abt as high as a serious R‚Ä¶
862132225894219776,2017-05-10 02:28:34,"who can predict anything anymore, but i suspect we may look back on today as awfully significant"
862129720787427328,2017-05-10 02:18:37,"I know, I was also surprised to learn that rule of law and partisan politics are different things, it‚Äôs crazy"
862127409491038208,2017-05-10 02:09:26,"it‚Äôs almost as if both complaints shared concern for rule of law rather than partisan gain, a distinction‚Ä¶"
862071859524890624,2017-05-09 22:28:42,: WH and DOJ had been working on firing Comey since at least last week. Sessions had been working to come up with reasons.
862070301831593985,2017-05-09 22:22:31,: So tired of these reboots.
862068180822446084,2017-05-09 22:14:05,": From Rob Mickey, Lucan Way and Steve Levitsky, ""Is America Still Safe For Democracy?"""
862067887049191425,2017-05-09 22:12:55,"That‚Äôs a norm, not a rule. So it‚Äôs not procedurally enforceable or even really measurable. But boy does it ever matter."
862067756140769280,2017-05-09 22:12:24,"In a democracy, undermining an independent institution that checks executive power is supposed to be done only under extreme circumstances."
862067144753852416,2017-05-09 22:09:58,"Worth re-reading Levitsky and Ziblatt, who study democratic backsliding. Is Donald Trump a Threat to Democracy?"
862066558109200384,2017-05-09 22:07:38,this is one of those rules vs norms moments you sometimes face in a democracy
862065814429728769,2017-05-09 22:04:41,this is quite an afternoon to have spent reading up on chavez's reformations of the venezuelan judiciary
862062217205878788,2017-05-09 21:50:23,: Donald Trump just aggravated his own problems of presidential legitimacy.
862053618261917696,2017-05-09 21:16:13,check it out nyt debut!
862049436297555969,2017-05-09 20:59:36,: Angela Merkel has not just dominated German politics; she has rewritten its rules. An -point lead after years in pow‚Ä¶
862048015942549511,2017-05-09 20:53:57,oh
862045677886603264,2017-05-09 20:44:40,"Yeah, esp hard with Iran since even a purely academic answer touches on lots of really sensitive issues"
862042058076377088,2017-05-09 20:30:17,"I think often people are seeking, w this kind of thing, answer for the degree to which the elections‚Ä¶"
861989769697480704,2017-05-09 17:02:30,so good
861983684194381824,2017-05-09 16:38:19,ty! also hi!
861981986705072128,2017-05-09 16:31:35,"Arabic speakers ‚Äî Is ""Ash-shab yurid isqat an-nizam‚Äù better translated as ‚Äúthe people want‚Äù or ‚Äúthe people seek"" or ‚Äúthe people demand‚Äù?"
861973775595819009,2017-05-09 15:58:57,: Of interest: Yeo in on why the alliance should be re‚Ä¶
861973302021062656,2017-05-09 15:57:04,"I have more on this in tomorrow's Interpreter newsletter. Sign up here, if you haven‚Äôt yet!:"
861972800592109568,2017-05-09 15:55:04,": I wrote about ""privacy"" as commodity"
861972079293472768,2017-05-09 15:52:13,im temperamentally cynical about most things but the story of south korea is legitimately amazing and amazes me mor‚Ä¶
861970812710129664,2017-05-09 15:47:11,what about just hither. no yon
861969773298679809,2017-05-09 15:43:03,power changes a person
861969488274706432,2017-05-09 15:41:55,sometimes edits me
861967521502679040,2017-05-09 15:34:06,: I'm % sure the Korean TV networks asked the presidential candidates to dab so they can create this piece of masterpiece.‚Ä¶
861955642638176257,2017-05-09 14:46:54,: Nate's st rule: Almost all polling errors occur in the OPPOSITE DIRECTION of what the conventional wisdom eects. http‚Ä¶
861922759999442945,2017-05-09 12:36:14,pls no
861919949446676480,2017-05-09 12:25:04,Yes. And you‚Äôre right this interview does signal at least the possibility of flexibility.
861917455135977472,2017-05-09 12:15:09,I wonder how much of that was downplaying campaign rhetoric versus signaling real policy contuinity
861917425922650115,2017-05-09 12:15:02,": South Korean prez election won in landslide by candidate who says the country must ""learn to say no to America."" üá∞üá∑"
861907186980712448,2017-05-09 11:34:21,: South Korea's SBS is doing a whole Game of Thrones thing with its election results
861906797430530048,2017-05-09 11:32:48,"A tenet of Sunshine Policy is introducing a little distance with the US. Not a lot, but some. How will Trump take that? Maybe not great."
861905951389044736,2017-05-09 11:29:26,"Without taking a position on the merits of the Sunshine Policy, its likely return is a very big deal for US policy in Asia, esp North Korea."
861905566792384516,2017-05-09 11:27:55,I don‚Äôt think DC folks have absorbed significance of South Korea coming back under leftist govt. -2008 basically only prior stretch.
861904532330221568,2017-05-09 11:23:48,": These are Korea's election graphics. Seriously. Eat it, rest of the boring world."
861766953467248640,2017-05-09 02:17:07,It‚Äôs Far Too Early to Declare Victory Over Populism by
861763262299480064,2017-05-09 02:02:27,It‚Äôs Not This Muslim Comedian‚Äôs Job to Open Your Mind
861759253610196992,2017-05-09 01:46:31,: Trump's header reminds me of the amazing messaging during the coup in Egypt
861759147590680576,2017-05-09 01:46:06,nobody democratically consolidates like south korea democratically consolidates
861756927189168128,2017-05-09 01:37:16,: and another thing: im not mad. please dont put in the newspaper that i got mad.
861755850632900608,2017-05-09 01:33:00,i mean they might just be a year or two ahead of the curve on this one
861752314717241345,2017-05-09 01:18:57,"To be fair, I know a lot of journalists who also spend the bulk of their energy pursuing petty grievance on twitter. Few run for office tho."
861750160614989831,2017-05-09 01:10:23,"Astonishingly, this is real."
861697478499983361,2017-05-08 21:41:03,"Double weird given that, as I think you‚Äôve noticed, the US has already pledged not to seek regime change."
861687500972183552,2017-05-08 21:01:24,Quite a worldview that says the far-right taking over a major US ally &amp; nuclear power matt‚Ä¶
861681949718523904,2017-05-08 20:39:20,thats good but you dont get the $ unless its a full storm
861681595400556544,2017-05-08 20:37:56,i will give $100 to the first game theory guy who tweetstorms about how the world e is a secret putin plot
861658717942673408,2017-05-08 19:07:01,: Something happened yesterday. Theresa May's takeover of the UKIP electorate is complete. Source: ICM data
861642216753831936,2017-05-08 18:01:27,: winners and losers from the French election
861633459713966080,2017-05-08 17:26:39,: Job Alert
861631869712035843,2017-05-08 17:20:20,": In ‚Äôs Chaos, Elites Play a High-Stakes Game for Survival - interesting piece by https‚Ä¶"
861594240748580864,2017-05-08 14:50:49,": In Venezuela, inflation is ~720%, the economy has shrunk % since , and imports of food have plunged %."
861444835227705345,2017-05-08 04:57:08,: Chirac was much less popular in than Macron was in and yet % more abstained in . Also sign of normalization of‚Ä¶
861421580022427648,2017-05-08 03:24:43,: Oh.
861416795823067136,2017-05-08 03:05:43,Feel like I see more &amp; more stories like this: China seeking mechanisms of public accountability to uphold autocracy
861409884335722496,2017-05-08 02:38:15,: Le Pen vs. Le Pen
861296595610075136,2017-05-07 19:08:05,": Yes, in March several of their politicians told me proudly that they are‚Ä¶"
861296577767493632,2017-05-07 19:08:00,: And this election proves nothing if not the FN's growing staying-power. B‚Ä¶
861293855055982593,2017-05-07 18:57:11,Also wild about this is SecState is supposed to outrank USUN by x. A reminder of Tillerson's relative weakness.
861293184722366466,2017-05-07 18:54:31,"This is the upside of pessimism, even when you lose, your biases win"
861292447867052036,2017-05-07 18:51:36,"Pessimism squad, assemble!"
861290294347694085,2017-05-07 18:43:02,": Yes. Le Pen playing long game, setting herself and FN as legitimate opposition. Open/closed battle raging, burden on Macron‚Ä¶"
861286130477654018,2017-05-07 18:26:30,"For sure, though there's an awful lot of overlap, particularly in Western Europe"
861285404489789446,2017-05-07 18:23:36,". Populism, Far From Turned Back, May Be Just Getting Started me &amp; las‚Ä¶"
861285200952688645,2017-05-07 18:22:48,Please read this series on what this means and doesn't for populism's future:
861281077167607808,2017-05-07 18:06:25,": Keep that in mind when you read the triumphalist Monday coverage saying populism was rolled back in France. In fact, it wil‚Ä¶"
861280435120287745,2017-05-07 18:03:52,: SHY MACRON VOTERS
861262999662862336,2017-05-07 16:54:35,: ARD's election poll in Schleswig-Holstein says lots about Germany today:
861248436582182913,2017-05-07 15:56:43,: I was told that cruise missiles and one big bomb had solved this problem.
861248014727434241,2017-05-07 15:55:02,": So, for all the talk about Labour loss = UKIP gain, turns out UKIP is mostly about Tory voters (probably in Labour stronghold‚Ä¶"
861236124714508288,2017-05-07 15:07:47,": % participation by pm, down from and (as eected)"
861235329394671617,2017-05-07 15:04:38,This touches on a point we didn't have space to get into: mixed systems both invite more press‚Ä¶
861232903455420416,2017-05-07 14:54:59,Good thoughts here from on our story in today's paper on Venezuela's elites and whether they'll fracture
860917210621071360,2017-05-06 18:00:32,: Good elanation of underlying dynamics of what comes next in by &amp;
860881783751147526,2017-05-06 15:39:46,: Selectorate Theory also provides a nice way of conceptualizing what happens in these regimes and why.
860866935814279170,2017-05-06 14:40:46,"In Venezuela‚Äôs Chaos, Elites Play a High-Stakes Game for Survival"
860857657015619585,2017-05-06 14:03:54,American Muslims and the Politics of Division by
860857417512386560,2017-05-06 14:02:56,: My piece on the new glossy 'good Muslim' trope. I Am Not Your Muslim
860844753386164225,2017-05-06 13:12:37,
860836975032532992,2017-05-06 12:41:43,everything i‚Äôve heard suggests chavismo is still deeply popular but this moment feels potentially significant
860645609094733828,2017-05-06 00:01:17,": : MacronLeaks hashtag started in US, apparently launched by Alt-Right figure Jack Posobiec."
860642274912370688,2017-05-05 23:48:02,"oh also a major US ally had its election disrupted by a hack seemingly aimed at helping the far-right take power, have a great weekend"
860641794538786816,2017-05-05 23:46:08,"cool, US plans for a major crisis potentially compromised by transition whose chief national security official was‚Ä¶"
860587349499158530,2017-05-05 20:09:47,: Thread ‚¨áÔ∏è‚¨áÔ∏è‚¨áÔ∏è
860572193058586624,2017-05-05 19:09:34,": ""Three-quarters of [Venezuela‚Äôs] population lost an average of kg of body weight last year.‚Äù"
860550831237627906,2017-05-05 17:44:41,ugh
860550293536346113,2017-05-05 17:42:32,: Wow. this missive I saw from a disgruntled State Dept diplomat is really hitting a nerve. (And rightfully so!)
860521366159863810,2017-05-05 15:47:36,: How Good is China at Sanctions Enforcement? An update on the North Korea-China trade relationship: b‚Ä¶
860497898244628482,2017-05-05 14:14:20,approaching tab singularity
860493644889030659,2017-05-05 13:57:26,"‚Äúlet‚Äôs do exactly what we did before, except this time the commander in chief will have the correct pers‚Ä¶"
860477371463421952,2017-05-05 12:52:46,"follow friday! for good tweets on asia, foreign policy, diplomacy, and zany north korean missile parades"
860473901859688448,2017-05-05 12:38:59,: Why More Democrats Are Now Embracing Conspiracy Theories - my from February
860472211924299776,2017-05-05 12:32:16,"Sweatshops, Polarization, and Getting Mad Online great joint"
860260551796109313,2017-05-04 22:31:13,"You mean ? That was a bad year for them but they got % in the first round, their best-ever until this year."
860255213390884866,2017-05-04 22:10:00,great on how marine le pen instrumentalizes gender
860253712043966464,2017-05-04 22:04:02,"Keep that in mind when you read the triumphalist Monday coverage saying populism was rolled back in France. In fact, it will have advanced."
860253263987445760,2017-05-04 22:02:15,"is already a victory for the National Front, another step on a long road that will not lead to % this year but sure points that way."
860253077995180036,2017-05-04 22:01:31,The FN has been steadily growing its national voteshare since the s. It grew in this round. Every reason to eect it will grow in next.
860251642599538688,2017-05-04 21:55:48,ben is first and foremost a pragmatist
860210459500216320,2017-05-04 19:12:10,some people say the democrats don‚Äôt have a plan but what do you say to losing a major vote and then singing happily‚Ä¶
860200183384166400,2017-05-04 18:31:20,"idk none of this matters at all, it will hurt nothing, it‚Äôs fine, it‚Äôs just sort of odd to me"
860200042828791808,2017-05-04 18:30:46,i don‚Äôt know how anyone could think that. the book is technical and sourced from the very first pages.
860199691178450949,2017-05-04 18:29:22,"comparison anderson to marx, and implying both are flash-in-the-pan ideologues, is pretty weird. esp bc‚Ä¶"
860198354730573824,2017-05-04 18:24:04,"I don‚Äôt get which straw man this is meant to attack. Only cites one supposed ‚Äúdismissal‚Äù of nationalism, a stu‚Ä¶"
860197233748312064,2017-05-04 18:19:36,"Interesting. I always get intimidated trying to read these black-box elite-led systems, especially militaries."
860194872334090244,2017-05-04 18:10:13,What would be the mechanism by which the officers go? Complicit in corruption? That was supposed to be arra‚Ä¶
860193471969325056,2017-05-04 18:04:39,What does it get wrong?
860186748827127808,2017-05-04 17:37:57,reason eleventy billion the canadians are growing anxious
860178499759460353,2017-05-04 17:05:10,:
860161428011012096,2017-05-04 15:57:20,fyi this photo is in fact elicitly a joke
860146715722227712,2017-05-04 14:58:52,: Trump's first trip as foreign leader will be to homes of the three major Abrahamic religions
860143866346909698,2017-05-04 14:47:33,"this joke tweet, bizarrely, turned out to be my one correct prediction of the year"
860143395209191424,2017-05-04 14:45:40,"everyone assumed my tweet was a joke but it was based on, uh, my secret insider knowledge"
860138737644294149,2017-05-04 14:27:10,this WSJ interview with Venezuela‚Äôs Attorney General makes a near-future elite split look awfully possible
860121463118061568,2017-05-04 13:18:31,"time for another round of ‚Äúone poll was wrong by a small margin once, therefore now all polls will be wrong no matter the margin‚Äù twitter"
860120864423108609,2017-05-04 13:16:09,"additional context: donald trump‚Äôs approval in france, as of last year, was % %"
860120685062094849,2017-05-04 13:15:26,"the Recommended Beverage for reading the max fisher feed is bomb shelter prison wine‚Ñ¢ bomb shelter prison wine‚Ñ¢: ""‚Ä¶"
860118937002020865,2017-05-04 13:08:29,"context -- obama left office w % approval in france, making him far more popular than any of the french candidates"
859985412592455680,2017-05-04 04:17:54,lol a bunch of kiwi journos just followed me
859984015918497793,2017-05-04 04:12:21,that has been pretty much been the story of everything for every single day since sometime in jan a‚Ä¶
859983168820174848,2017-05-04 04:08:59,tv nz dot co dot nz widely known to have the insider scoop on all matters british-royal and liam stack
859982834043412480,2017-05-04 04:07:40,"[interior, queen elizabeth II‚Äôs emergency war room] ‚Äúthey all think i‚Äôm dead. call a tv station in new z‚Ä¶"
859982161755201537,2017-05-04 04:04:59,: We'll do it later!
859927884856799235,2017-05-04 00:29:19,irony is that xi has so far exerted far more demonstrable influence on trump foreign policy
859927469662588929,2017-05-04 00:27:40,"as usual, agree with . trump‚Äôs bromance with xi is % doomed."
859927267195203584,2017-05-04 00:26:51,replace the emmys with a new awards show called ‚Äúfeud wins all the things.‚Äù you can fill in the blanks from there
859926806182457345,2017-05-04 00:25:01,not sure whether this is considered a Correct or Wrong opinion but imo feud is one of the best tv shows in years. it is mind bogglingly good
859885370883932160,2017-05-03 21:40:22,yes thats my point
859884505758355456,2017-05-03 21:36:56,"maybe impossible to measure something as fuzzy as ‚Äúnormalizing‚Äù the far-right, but if it can be done, this election will do it in france"
859884249926823937,2017-05-03 21:35:55,they put on quite a show!
859884193798660096,2017-05-03 21:35:42,it‚Äôs blowing my mind to see far-right populism so clearly presented as one of two electoral choices. implicit in the format of this debate.
859883851270823936,2017-05-03 21:34:20,clear both candidates believe it‚Äôs in their interests to play up the appearance of personally hating one another (which they also might!)
859882901231595521,2017-05-03 21:30:34,i have completely lost sight of whether ‚Äúivanka ‚Äù is just a joke we all tell or a complete and utter certainty
859882560901578755,2017-05-03 21:29:13,"of many differences bw le pen &amp; trump, she is able to marry populism and personalism with political professionalism in a way he never could"
859881992187457539,2017-05-03 21:26:57,important update: turns out i still sort of understand french conditional verb tenses!
859881617988472833,2017-05-03 21:25:28,"oh okay this part about how ‚Äúfrance is a nation with a culture‚Äù is a lot more, uh, straightforward"
859881071638454272,2017-05-03 21:23:17,"for some reason i find le pen‚Äôs french much harder to follow than macron‚Äôs (mostly, i‚Äôm sure, because i haven‚Äôt taken a class in + years)"
859877654442500097,2017-05-03 21:09:43,"cool, german leadership loves to hear that sort of thing, doesn‚Äôt freak them out at all, good stuff, go for it"
859872456135331841,2017-05-03 20:49:03,"I get the identity politics of bashing the EU, but seems like a tougher sell to tell voters ‚ÄúI will take your physi‚Ä¶"
859869609016643585,2017-05-03 20:37:45,praying and hoping i‚Äôll make an appearance in the next megathread
859867850873462784,2017-05-03 20:30:45,im a putin troll bot engineered to discredit the brave truth tellers. beep-boop
859867179663142915,2017-05-03 20:28:05,maybe keep this in mind the next time you consider retweeting the latest viral conspiracy-theory tweetstorm
859866995193499649,2017-05-03 20:27:21,"datapoint ,174 that putin is not the grand puppetmaster pulling trump‚Äôs strings"
859840612320907266,2017-05-03 18:42:31,i can really only make the ‚Äúthis one goes to ‚Äù joke so many times
859835000228913155,2017-05-03 18:20:13,sorry that is actually thyne and powell!
859834118401662985,2017-05-03 18:16:43,"fwiw noyes &amp; elischer found, in % of cases, regimes become more democratic two years after coup‚Ä¶"
859831675928420356,2017-05-03 18:07:01,"A set of four or five comparably-matched regional powers competing within a complex power balance, seems fine, that never went wrong before."
859830664543313924,2017-05-03 18:02:59,the way duterte is balancing between china and the US is giving me such cold war deja vu
859830355662188544,2017-05-03 18:01:46,Interesting ‚Äì signs that SCS issue is fissuring Southeast Asian nations bw pro- and anti-China coalitions
859819703849689088,2017-05-03 17:19:26,": ""If they go too far our [forces] would not care whether American armour is there...All of a sudden, by accident a few roc‚Ä¶"
859794736344948736,2017-05-03 15:40:14,": Nobody has to give money to any publication, including NYT. I am grateful to those who do, despite imperfections and errors, gr‚Ä¶"
859791572220735488,2017-05-03 15:27:39,"That‚Äôs definitely a viable argument, though distinct from whether DPRK sees prospects‚Ä¶"
859788837761028096,2017-05-03 15:16:47,Yeah for sure. Not a one-to-one. About what is or is not within the realm of possibility.
859787185402384384,2017-05-03 15:10:13,"office, weirdly"
859787083086528512,2017-05-03 15:09:49,: An update of the Trump Matrix.
859786996440584192,2017-05-03 15:09:28,someone has started mailing me copies of the NYT magazine. no idea who or why. five copies every week.
859769451692085248,2017-05-03 13:59:45,"sort of amazing, given the last years, how seemingly stable the algerian political system has become"
859767114386870274,2017-05-03 13:50:28,‚ÄúEverything ‚Äî everything ‚Äî stems from Algeria.‚Äù
859766845712334848,2017-05-03 13:49:24,North Korea wants to end the U.S.-South Korea alliance. Can it?
859752873374224384,2017-05-03 12:53:53,"Alliances Are Hard, Part , South Korea Edition"
859615480423870464,2017-05-03 03:47:56,: Ok this one is just insulting
859609607261626368,2017-05-03 03:24:35,: This is a good
859607100103819264,2017-05-03 03:14:38,so paradox where academia requires occasional outside check by media (as all institutions do) but eve‚Ä¶
859605722392350721,2017-05-03 03:09:09,"that's great! still, if the story is playing a necessary role here, seems unfair to also dismiss it a‚Ä¶"
859604695278657536,2017-05-03 03:05:04,"i suppose ideally you'd have the wider community acting as an informal social check, as happens often in journalism"
859604092662013952,2017-05-03 03:02:41,if was after clicks this wouldve been written very differently. not reassuring to dismis‚Ä¶
859603176877699073,2017-05-03 02:59:02,"there is a question of frequency, yes, but also the question of whether these cases are ever addressed in a meaningful way"
859602432120246272,2017-05-03 02:56:05,"love and respect to my many academic friends but academia seems awful, sorry"
859592807312445440,2017-05-03 02:17:50,‚Äî‚Äî‚Äî‚Äî‚Äî‚Äî‚Äî‚Äî&gt;&gt;&gt;&gt;&gt;&gt;
859590942524940292,2017-05-03 02:10:25,: Increasingly hard to avoid conclusion that Trump is appeasing China in for cooperation on
859590457499811840,2017-05-03 02:08:30,"turns out trump‚Äôs seemingly off-the-cuff comments matter for real-world foreign policy, who knew"
859585125817954304,2017-05-03 01:47:18,paul it was in our newsletter which i KNOW you print out in triplicate and comm‚Ä¶
859584708098838528,2017-05-03 01:45:39,now i want a separate podcast just of roger stone hocking blue apron and me undies
859582714181279744,2017-05-03 01:37:43,i would % listen to a podcast of roger stone narrating the trump era in real time
859581731468451841,2017-05-03 01:33:49,fascinating
859581307428491265,2017-05-03 01:32:08,"via . we, like every democracy, have a pretty modest track record at our own system."
859579607930064896,2017-05-03 01:25:23,: Some thoughts on Paul's post:
859523695907393538,2017-05-02 21:43:12,interesting on whether civil war is just categorically different in weak vs medium-capacity states
859506712117751810,2017-05-02 20:35:43,This is a blow. Been reading for what feels like forever. I hope I‚Äôll continue to.
859444510308409344,2017-05-02 16:28:33,": Middle class Caracas neighborhoods basically shut down right now, with barricades every few blocks and shops closed https‚Ä¶"
859435955983458304,2017-05-02 15:54:34,"I‚Äôm not the first person to suggest this, but the view of democracy‚Äôs inevitably may be based on simply understating the Cold War‚Äôs toll"
859435465312800769,2017-05-02 15:52:37,Simply existing during the Cold War was worse for your country‚Äôs prospects at democracy than enduring a coup‚Ä¶
859420640767508482,2017-05-02 14:53:42,"Which agency? I reported this at the time, so it‚Äôs not new:"
859412114527670273,2017-05-02 14:19:49,"Here‚Äôs our piece on how, as Ben Stora once said, everything everything happening in France is elained by Algeria"
859403044450177024,2017-05-02 13:43:47,": My new : ""How Marching for Science Risks Politicizing It"" (featuring new data from )"
859396197446033408,2017-05-02 13:16:34,: Best article I've seen to understand the French election.
859375114185560064,2017-05-02 11:52:48,Populism Has Not ‚ÄòPeaked‚Äô in Europe
859362028649099264,2017-05-02 11:00:48,We will correct this right away. Thank you for alerting us.
859246412781031424,2017-05-02 03:21:23,": im not tipping any more waiters until the facts come in, regarding Putin"
859245900815900673,2017-05-02 03:19:21,dril
859244444700336129,2017-05-02 03:13:34,"frederick douglass is someone who‚Äôs done an amazing job and is getting recognized more and more, for one"
859243312359911424,2017-05-02 03:09:04,": I think we'll see a lot more talk about alliance ""decoupling"" fears in the E. Asia security crowd going into second half of ‚Ä¶"
859242431119806464,2017-05-02 03:05:34,if mattis defects to the soviets we're in big trouble
859237081327038466,2017-05-02 02:44:18,identity formation is really really powerful and your fancy history books dont stand a chance
859236088031965184,2017-05-02 02:40:21,gotta hear both sides
859235821668503553,2017-05-02 02:39:18,"anyway i wrote a little about my eerience at the college here, if you like, enjoy, have a great night"
859235446345302016,2017-05-02 02:37:48,"""so why did the north invade the south like that?"" ""because of states' rights"" ""states' rights to do what?"" ""who can say, really"""
859235160012845057,2017-05-02 02:36:40,i went to a good college but the number of history majors who straight-up thought the civil war was northern aggression was dispiriting
859233648637247489,2017-05-02 02:30:40,"having gone to school in the south, i can report that an awful lot of people do believe it is controversial"
859232222687232000,2017-05-02 02:25:00,Nothing in particular. Trying to get smarter on the subject. Lessons we cld carry into coverage. T‚Ä¶
859229346149609472,2017-05-02 02:13:34,"Bridget, I'd love to see them as well, if you don't mind sharing! max dot fisher at nytimes"
859209046682939393,2017-05-02 00:52:54,"friend would prefer to remain anonymous, call him ... micolas naduro"
859206178513055744,2017-05-02 00:41:30,"to be fair, many of them managed to be considerably worse even than ""bomb a runway for sport"""
859205906919280640,2017-05-02 00:40:26,"Academic friends: Any interesting research you've seen, new or merely new-ish, on state failure? Its causes, consequences, whatever."
859203492925321219,2017-05-02 00:30:50,hm i will maybe test this
859203426324008961,2017-05-02 00:30:34,"you could test this, but my guess is no correlation bw amount of praise/cr‚Ä¶"
859202916283973632,2017-05-02 00:28:33,anecdotal observation: people tweeted a lot more about tv before the election. now i feel like i almost never see tweets about tv shows.
859196771016339457,2017-05-02 00:04:07,"i used to wonder why newspaper stories sometimes include totally superfluous quotes near the bottom, but now i get it"
859195930901393409,2017-05-02 00:00:47,i will start pitching editors on some weird shit to find any old excuse to reuse that material
859194482402766849,2017-05-01 23:55:02,man you have really taken to this role
859193987281952770,2017-05-01 23:53:04,spoken like a true editor
859193901864898560,2017-05-01 23:52:43,this is the first an only time that my undergrad victorian lit classes will ever be relevant to the news
859193284601810944,2017-05-01 23:50:16,"sometimes an article doesnt quite come together and whatever who cares, it doesnt matter for anything, but it sure does feel crappy"
859191403401838595,2017-05-01 23:42:48,this is just an extremely weird video clip from beginning to end
859183574142115841,2017-05-01 23:11:41,"well also the philippines is just not particularly relevant to north korea, whereas he is‚Ä¶"
859183087820865537,2017-05-01 23:09:45,": Trump, fundamentally uninterested in spreading small-d democracy in dramatic break w predecessors."
859181449513238528,2017-05-01 23:03:15,"My mind is still blown by this. Never would have guessed his first reassurance crisis would be with South Korea, no‚Ä¶"
859180484068352001,2017-05-01 22:59:24,"I was wrong. I have, in fact, retained my ability to be shocked:"
859179834513162240,2017-05-01 22:56:49,honestly I‚Äôm not even fazed by this stuff anymore. sure. why not. lets do a bilat with zombie stalin on the moon
